[{"model": "auth.permission", "pk": 1, "fields": {"name": "Can add log entry", "content_type": 1, "codename": "add_logentry"}}, {"model": "auth.permission", "pk": 2, "fields": {"name": "Can change log entry", "content_type": 1, "codename": "change_logentry"}}, {"model": "auth.permission", "pk": 3, "fields": {"name": "Can delete log entry", "content_type": 1, "codename": "delete_logentry"}}, {"model": "auth.permission", "pk": 4, "fields": {"name": "Can view log entry", "content_type": 1, "codename": "view_logentry"}}, {"model": "auth.permission", "pk": 5, "fields": {"name": "Can add permission", "content_type": 2, "codename": "add_permission"}}, {"model": "auth.permission", "pk": 6, "fields": {"name": "Can change permission", "content_type": 2, "codename": "change_permission"}}, {"model": "auth.permission", "pk": 7, "fields": {"name": "Can delete permission", "content_type": 2, "codename": "delete_permission"}}, {"model": "auth.permission", "pk": 8, "fields": {"name": "Can view permission", "content_type": 2, "codename": "view_permission"}}, {"model": "auth.permission", "pk": 9, "fields": {"name": "Can add group", "content_type": 3, "codename": "add_group"}}, {"model": "auth.permission", "pk": 10, "fields": {"name": "Can change group", "content_type": 3, "codename": "change_group"}}, {"model": "auth.permission", "pk": 11, "fields": {"name": "Can delete group", "content_type": 3, "codename": "delete_group"}}, {"model": "auth.permission", "pk": 12, "fields": {"name": "Can view group", "content_type": 3, "codename": "view_group"}}, {"model": "auth.permission", "pk": 13, "fields": {"name": "Can add user", "content_type": 4, "codename": "add_user"}}, {"model": "auth.permission", "pk": 14, "fields": {"name": "Can change user", "content_type": 4, "codename": "change_user"}}, {"model": "auth.permission", "pk": 15, "fields": {"name": "Can delete user", "content_type": 4, "codename": "delete_user"}}, {"model": "auth.permission", "pk": 16, "fields": {"name": "Can view user", "content_type": 4, "codename": "view_user"}}, {"model": "auth.permission", "pk": 17, "fields": {"name": "Can add content type", "content_type": 5, "codename": "add_contenttype"}}, {"model": "auth.permission", "pk": 18, "fields": {"name": "Can change content type", "content_type": 5, "codename": "change_contenttype"}}, {"model": "auth.permission", "pk": 19, "fields": {"name": "Can delete content type", "content_type": 5, "codename": "delete_contenttype"}}, {"model": "auth.permission", "pk": 20, "fields": {"name": "Can view content type", "content_type": 5, "codename": "view_contenttype"}}, {"model": "auth.permission", "pk": 21, "fields": {"name": "Can add session", "content_type": 6, "codename": "add_session"}}, {"model": "auth.permission", "pk": 22, "fields": {"name": "Can change session", "content_type": 6, "codename": "change_session"}}, {"model": "auth.permission", "pk": 23, "fields": {"name": "Can delete session", "content_type": 6, "codename": "delete_session"}}, {"model": "auth.permission", "pk": 24, "fields": {"name": "Can view session", "content_type": 6, "codename": "view_session"}}, {"model": "auth.permission", "pk": 25, "fields": {"name": "Can add nurse", "content_type": 7, "codename": "add_nurse"}}, {"model": "auth.permission", "pk": 26, "fields": {"name": "Can change nurse", "content_type": 7, "codename": "change_nurse"}}, {"model": "auth.permission", "pk": 27, "fields": {"name": "Can delete nurse", "content_type": 7, "codename": "delete_nurse"}}, {"model": "auth.permission", "pk": 28, "fields": {"name": "Can view nurse", "content_type": 7, "codename": "view_nurse"}}, {"model": "auth.permission", "pk": 29, "fields": {"name": "Can add user", "content_type": 8, "codename": "add_user"}}, {"model": "auth.permission", "pk": 30, "fields": {"name": "Can change user", "content_type": 8, "codename": "change_user"}}, {"model": "auth.permission", "pk": 31, "fields": {"name": "Can delete user", "content_type": 8, "codename": "delete_user"}}, {"model": "auth.permission", "pk": 32, "fields": {"name": "Can view user", "content_type": 8, "codename": "view_user"}}, {"model": "auth.permission", "pk": 33, "fields": {"name": "Can add vaccination center", "content_type": 9, "codename": "add_vaccinationcenter"}}, {"model": "auth.permission", "pk": 34, "fields": {"name": "Can change vaccination center", "content_type": 9, "codename": "change_vaccinationcenter"}}, {"model": "auth.permission", "pk": 35, "fields": {"name": "Can delete vaccination center", "content_type": 9, "codename": "delete_vaccinationcenter"}}, {"model": "auth.permission", "pk": 36, "fields": {"name": "Can view vaccination center", "content_type": 9, "codename": "view_vaccinationcenter"}}, {"model": "auth.permission", "pk": 37, "fields": {"name": "Can add nurse availability", "content_type": 10, "codename": "add_nurseavailability"}}, {"model": "auth.permission", "pk": 38, "fields": {"name": "Can change nurse availability", "content_type": 10, "codename": "change_nurseavailability"}}, {"model": "auth.permission", "pk": 39, "fields": {"name": "Can delete nurse availability", "content_type": 10, "codename": "delete_nurseavailability"}}, {"model": "auth.permission", "pk": 40, "fields": {"name": "Can view nurse availability", "content_type": 10, "codename": "view_nurseavailability"}}, {"model": "auth.permission", "pk": 41, "fields": {"name": "Can add booking", "content_type": 11, "codename": "add_booking"}}, {"model": "auth.permission", "pk": 42, "fields": {"name": "Can change booking", "content_type": 11, "codename": "change_booking"}}, {"model": "auth.permission", "pk": 43, "fields": {"name": "Can delete booking", "content_type": 11, "codename": "delete_booking"}}, {"model": "auth.permission", "pk": 44, "fields": {"name": "Can view booking", "content_type": 11, "codename": "view_booking"}}, {"model": "contenttypes.contenttype", "pk": 1, "fields": {"app_label": "admin", "model": "logentry"}}, {"model": "contenttypes.contenttype", "pk": 2, "fields": {"app_label": "auth", "model": "permission"}}, {"model": "contenttypes.contenttype", "pk": 3, "fields": {"app_label": "auth", "model": "group"}}, {"model": "contenttypes.contenttype", "pk": 4, "fields": {"app_label": "auth", "model": "user"}}, {"model": "contenttypes.contenttype", "pk": 5, "fields": {"app_label": "contenttypes", "model": "contenttype"}}, {"model": "contenttypes.contenttype", "pk": 6, "fields": {"app_label": "sessions", "model": "session"}}, {"model": "contenttypes.contenttype", "pk": 7, "fields": {"app_label": "booking", "model": "nurse"}}, {"model": "contenttypes.contenttype", "pk": 8, "fields": {"app_label": "booking", "model": "user"}}, {"model": "contenttypes.contenttype", "pk": 9, "fields": {"app_label": "booking", "model": "vaccinationcenter"}}, {"model": "contenttypes.contenttype", "pk": 10, "fields": {"app_label": "booking", "model": "nurseavailability"}}, {"model": "contenttypes.contenttype", "pk": 11, "fields": {"app_label": "booking", "model": "booking"}}, {"model": "booking.user", "pk": "170419256", "fields": {"name": "Wilkins Schultz"}}, {"model": "booking.user", "pk": "273130972", "fields": {"name": "Sheena Barr"}}, {"model": "booking.user", "pk": "335105107", "fields": {"name": "Melisa Sharp"}}, {"model": "booking.user", "pk": "742676741", "fields": {"name": "Karina Mejia"}}, {"model": "booking.user", "pk": "820260963", "fields": {"name": "Witt Montoya"}}, {"model": "booking.user", "pk": "867133670", "fields": {"name": "Jan Branch"}}, {"model": "booking.user", "pk": "991673172", "fields": {"name": "King Duke"}}, {"model": "booking.user", "pk": "995246495", "fields": {"name": "Kay Huffman"}}, {"model": "booking.nurse", "pk": "129207392", "fields": {"name": "Amie Castaneda", "speed": 50}}, {"model": "booking.nurse", "pk": "457726241", "fields": {"name": "Sweet Walker", "speed": 25}}, {"model": "booking.nurse", "pk": "481781064", "fields": {"name": "Rita Farley", "speed": 10}}, {"model": "booking.nurse", "pk": "659075887", "fields": {"name": "Rhea Whitfield", "speed": 20}}, {"model": "booking.nurse", "pk": "659356329", "fields": {"name": "Guadalupe Macias", "speed": 10}}, {"model": "booking.nurse", "pk": "696990834", "fields": {"name": "Olson Kim", "speed": 10}}, {"model": "booking.nurse", "pk": "844663759", "fields": {"name": "Macias Stanton", "speed": 24}}, {"model": "booking.nurse", "pk": "971556002", "fields": {"name": "Earnestine Henderson", "speed": 10}}, {"model": "booking.vaccinationcenter", "pk": 1, "fields": {"name": "Radin Mas Community Club", "max_capacity": 50}}, {"model": "booking.vaccinationcenter", "pk": 2, "fields": {"name": "Buona Vista Community Club", "max_capacity": 100}}, {"model": "booking.vaccinationcenter", "pk": 3, "fields": {"name": "Raffles City Convention Centre", "max_capacity": 50}}, {"model": "booking.vaccinationcenter", "pk": 4, "fields": {"name": "Tanjong Pagar Community Club", "max_capacity": 200}}, {"model": "booking.vaccinationcenter", "pk": 5, "fields": {"name": "Jalan Besar Community Club", "max_capacity": 250}}, {"model": "booking.vaccinationcenter", "pk": 6, "fields": {"name": "Bishan Community Club", "max_capacity": 150}}, {"model": "booking.nurseavailability", "pk": 1, "fields": {"NRIC": "659075887", "date": "2021-11-11", "time_slot": 1, "center": 1}}, {"model": "booking.nurseavailability", "pk": 2, "fields": {"NRIC": "659075887", "date": "2021-11-11", "time_slot": 2, "center": 6}}, {"model": "booking.nurseavailability", "pk": 3, "fields": {"NRIC": "659075887", "date": "2021-11-11", "time_slot": 4, "center": 2}}, {"model": "booking.nurseavailability", "pk": 4, "fields": {"NRIC": "659075887", "date": "2021-11-11", "time_slot": 5, "center": 3}}, {"model": "booking.nurseavailability", "pk": 5, "fields": {"NRIC": "659075887", "date": "2021-11-12", "time_slot": 4, "center": 2}}, {"model": "booking.nurseavailability", "pk": 6, "fields": {"NRIC": "971556002", "date": "2021-11-11", "time_slot": 1, "center": 2}}, {"model": "booking.nurseavailability", "pk": 7, "fields": {"NRIC": "971556002", "date": "2021-11-11", "time_slot": 5, "center": 2}}, {"model": "booking.nurseavailability", "pk": 8, "fields": {"NRIC": "971556002", "date": "2021-11-12", "time_slot": 4, "center": 5}}, {"model": "booking.nurseavailability", "pk": 9, "fields": {"NRIC": "844663759", "date": "2021-11-12", "time_slot": 4, "center": 1}}, {"model": "booking.nurseavailability", "pk": 10, "fields": {"NRIC": "844663759", "date": "2021-11-13", "time_slot": 5, "center": 1}}, {"model": "booking.nurseavailability", "pk": 11, "fields": {"NRIC": "844663759", "date": "2021-11-13", "time_slot": 4, "center": 6}}, {"model": "booking.nurseavailability", "pk": 12, "fields": {"NRIC": "844663759", "date": "2021-11-13", "time_slot": 1, "center": 1}}, {"model": "booking.nurseavailability", "pk": 13, "fields": {"NRIC": "844663759", "date": "2021-11-11", "time_slot": 1, "center": 6}}, {"model": "booking.booking", "pk": 1, "fields": {"center": 1, "date": "2021-11-11", "time_slot": 4, "NRIC": "273130972"}}, {"model": "booking.booking", "pk": 2, "fields": {"center": 2, "date": "2021-11-11", "time_slot": 4, "NRIC": "991673172"}}, {"model": "booking.booking", "pk": 3, "fields": {"center": 2, "date": "2021-11-11", "time_slot": 4, "NRIC": "995246495"}}, {"model": "booking.booking", "pk": 4, "fields": {"center": 2, "date": "2021-11-11", "time_slot": 4, "NRIC": "742676741"}}, {"model": "booking.booking", "pk": 5, "fields": {"center": 2, "date": "2021-11-11", "time_slot": 4, "NRIC": "820260963"}}]